Local Authority,Business Name,Business Type,Address,Postcode,Latitude,Longitude,Hygiene Score,Structural Score,Hygiene Rating,Deprivation Score,Deprivation Rank
Bournemouth Christchurch and Poole,Hotel Miramar,Hotel/bed & breakfast/guest house,,BH1 3AL,50.718383,-1.868591,0,5,5,17.513,14728.21
Bournemouth Christchurch and Poole,Travelodge Bournemouth Seafront,Hotel/bed & breakfast/guest house,Travelodge,BH2 5EG,,,0,5,5,17.513,14728.21
Bournemouth Christchurch and Poole,Travelodge Poole,Hotel/bed & breakfast/guest house,Travelodge,BH15 1AE,,,0,5,5,17.513,14728.21
Bournemouth Christchurch and Poole,Holiday Inn Express,Hotel/bed & breakfast/guest house,,BH15 1RZ,50.71580005,-1.9750421,0,5,5,17.513,14728.21
Bournemouth Christchurch and Poole,Hotel Collingwood,Hotel/bed & breakfast/guest house,,BH2 5DF,50.716967,-1.881952,0,5,5,17.513,14728.21
Bournemouth Christchurch and Poole,Royal Bath Hotel,Hotel/bed & breakfast/guest house,,BH1 2EW,50.717551,-1.872616,0,5,5,17.513,14728.21
Bracknell Forest,Crumbs and Coffee/Taprob Sri Lankan Cuisine,Mobile caterer,,,,,0,5,5,10.084,8640.96
Bracknell Forest,The Spud Wagon,Mobile caterer,Market Inn Station Road,RG12 1HY,51.413539,-0.7515738,0,5,5,10.084,8640.96
Brighton and Hove,Munch Box,Mobile caterer,,,,,0,5,5,20.266,16380.88
Brighton and Hove,We Got Soul,Mobile caterer,Street Record (Blatchington Road Adjacent),BN3 3RF,,,0,5,5,20.266,16380.88
Brighton and Hove,Holy Pepperoni,Mobile caterer,Stanmer House,BN1 7JT,50.8457532,-0.1334415,0,5,5,20.266,16380.88
Brighton and Hove,Sorella Pizza Co,Mobile caterer,,,,,0,5,5,20.266,16380.88
Brighton and Hove,Trailer Trashed,Mobile caterer,,,,,0,5,5,20.266,16380.88
Buckinghamshire,Caffe Nero,Restaurant/Cafe/Canteen,53 Packhorse Road,SL9 8PE,51.587767,-0.554172,5,5,5,11.921,10315.59
Buckinghamshire,Salvation Army Citadel,Restaurant/Cafe/Canteen,44 Frogmoor,HP13 5DG,51.63161087,-0.752373993,5,5,5,11.921,10315.59
Buckinghamshire,Hazlemere Free Methodist Church,Restaurant/Cafe/Canteen,43 Penn Road,HP15 7LS,51.6509819,-0.709344983,5,5,5,11.921,10315.59
Buckinghamshire,Tuckin Restaurant,Restaurant/Cafe/Canteen,13 - 15 Frogmoor,HP13 5DQ,51.63151,-0.753085,5,5,5,11.921,10315.59
Buckinghamshire,St Andrews Church,Restaurant/Cafe/Canteen,Hatters Lane,HP13 7NJ,51.62622,-0.722732,5,5,5,11.921,10315.59
Buckinghamshire,Wycombe Leisure Centre,Restaurant/Cafe/Canteen,Handy Cross,HP11 1UP,51.61415482,-0.761564016,5,5,5,11.921,10315.59
Buckinghamshire,Poppins,Restaurant/Cafe/Canteen,3 High Street,HP5 1BG,51.704398,-0.612862,5,5,5,11.921,10315.59
Buckinghamshire,Fego Caffe,Restaurant/Cafe/Canteen,12G Packhorse Road,SL9 7QE,51.586809,-0.55452,5,5,5,11.921,10315.59
Buckinghamshire,Buckinghamshire Mind High Wycombe Office,Restaurant/Cafe/Canteen,260 Desborough Road,HP11 2QR,51.63235092,-0.763710976,5,5,5,11.921,10315.59
Buckinghamshire,Wimpy,Restaurant/Cafe/Canteen,19 - 21 White Hart Street,HP11 2HL,51.629794,-0.752366,5,5,5,11.921,10315.59
Buckinghamshire,Heidrun,Restaurant/Cafe/Canteen,14 Pauls Row,HP11 2HQ,51.628752,-0.751657,5,5,5,11.921,10315.59
Buckinghamshire,Master Chef,Restaurant/Cafe/Canteen,11 - 15 Sycamore Road,HP6 5EQ,51.677756,-0.60682,5,5,5,11.921,10315.59
Buckinghamshire,The Grocer,Restaurant/Cafe/Canteen,2 Whielden Street,HP7 0HT,51.6661229,-0.6158474,5,5,5,11.921,10315.59
Buckinghamshire,Roots Coffee Food,Restaurant/Cafe/Canteen,22 High Street,HP5 1EP,51.70512,-0.613086,5,5,5,11.921,10315.59
Buckinghamshire,Eleven Amersham,Restaurant/Cafe/Canteen,11 Hill Avenue,HP6 5BD,51.6748537,-0.6074092,5,5,5,11.921,10315.59
Buckinghamshire,Wingrave Parish Church of St Peter,Restaurant/Cafe/Canteen,Church Street,HP22 4PE,51.862252,-0.740443,5,5,5,11.921,10315.59
Buckinghamshire,A Little Street Kitchen,Restaurant/Cafe/Canteen,97 Sycamore Road,HP6 5EJ,51.678623,-0.605607,5,5,5,11.921,10315.59
Buckinghamshire,Hings Kitchen,Restaurant/Cafe/Canteen,16 Oak End Way,SL9 8BR,51.588734,-0.550879,5,5,5,11.921,10315.59
Buckinghamshire,The Square (BUCKS) Ltd,Restaurant/Cafe/Canteen,Pond Approach,HP16 6RH,51.66466325,-0.694916587,5,5,5,11.921,10315.59
Buckinghamshire,AL Kebabish Aylesbury Ltd,Restaurant/Cafe/Canteen,179 Cambridge Street,HP20 1BQ,51.820029,-0.806924,5,5,5,11.921,10315.59
Buckinghamshire,Chaiiwala High Wycombe,Restaurant/Cafe/Canteen,30 White Hart Street,HP11 2HL,51.6301571,-0.7532778,5,5,5,11.921,10315.59
Buckinghamshire,The Pantry at 51,Restaurant/Cafe/Canteen,51 High Street,HP16 9EJ,51.69955826,-0.734546006,5,5,5,11.921,10315.59
Buckinghamshire,Louis',Restaurant/Cafe/Canteen,53 - 54 Nelson Street,MK18 1BT,51.998473,-0.989903,5,5,5,11.921,10315.59
Buckinghamshire,Bon Appetit - A4421,Restaurant/Cafe/Canteen,EKFB - A4421,MK18 4LA,,,5,5,5,11.921,10315.59
Buckinghamshire,Haldi Restaurant,Restaurant/Cafe/Canteen,80 Marsworth Road,LU7 9AS,51.83473,-0.635682,5,5,5,11.921,10315.59
Buckinghamshire,Everyman Cinema,Restaurant/Cafe/Canteen,Ethorpe Crescent,SL9 8PN,51.58886,-0.553098,5,5,5,11.921,10315.59
Buckinghamshire,Tiger Garden,Restaurant/Cafe/Canteen,41 West Street,SL7 2LS,51.57098007,-0.778029978,5,5,5,11.921,10315.59
Buckinghamshire,Ambers Of Amersham,Restaurant/Cafe/Canteen,49 London Road West,HP7 9DA,51.664586,-0.607036,5,5,5,11.921,10315.59
Buckinghamshire,Fieldmouse,Restaurant/Cafe/Canteen,8 Duke Street,HP27 0AT,51.724977,-0.832578,5,5,5,11.921,10315.59
Buckinghamshire,Artigiani Del Cibo,Restaurant/Cafe/Canteen,59 - 61 High Street,SL1 7JX,51.534023,-0.658747,5,5,5,11.921,10315.59
Buckinghamshire,Brisket Daddy,Restaurant/Cafe/Canteen,75 Buckingham Street,HP20 2NF,51.81979,-0.815273,5,5,5,11.921,10315.59
Buckinghamshire,The Artichoke,Restaurant/Cafe/Canteen,9 Market Square,HP7 0DF,51.666565,-0.616244,5,5,5,11.921,10315.59
Buckinghamshire,Denis Pizza Ltd,Restaurant/Cafe/Canteen,1 Horn Street,MK18 3AQ,51.940823,-0.882528,5,5,5,11.921,10315.59
Buckinghamshire,OpportuniTEA @ Holmer Green Sports Association,Restaurant/Cafe/Canteen,87 Watchet Lane,HP15 6UF,51.6667421,-0.7039769,5,5,5,11.921,10315.59
Buckinghamshire,Karak Chaii Gerrards Cross,Restaurant/Cafe/Canteen,73 Packhorse Road,SL9 8PQ,51.589184,-0.552396,5,5,5,11.921,10315.59
Buckinghamshire,Historia Meze Grill,Restaurant/Cafe/Canteen,40-41 Oxford Street,HP11 2DJ,51.6312101,-0.7538918,5,5,5,11.921,10315.59
Buckinghamshire,One Can Trust,Restaurant/Cafe/Canteen,162 Micklefield Road,HP13 7HA,51.62804,-0.713218,5,5,5,11.921,10315.59
Buckinghamshire,"Zem Kebab, Fish And Chips",Restaurant/Cafe/Canteen,185 Amersham Road,HP13 5AE,51.64452,-0.732046,5,5,5,11.921,10315.59
Buckinghamshire,Wimpy Bourne End,Restaurant/Cafe/Canteen,40 - 42 The Parade,SL8 5SU,51.57909012,-0.711742997,5,5,5,11.921,10315.59
Buckinghamshire,Strawberry Grove,Restaurant/Cafe/Canteen,91 High Street,SL7 1AB,51.569763,-0.774426,5,5,5,11.921,10315.59
Buckinghamshire,Costa Coffee,Restaurant/Cafe/Canteen,18 High Street,HP27 0AX,51.7233226,-0.8303995,5,5,5,11.921,10315.59
Buckinghamshire,Colombo 7 Cinnamon Gardens,Restaurant/Cafe/Canteen,27 Chesham Road,HP6 5HN,51.677386,-0.607424,5,5,5,11.921,10315.59
Buckinghamshire,Denham Grove Hotel,Restaurant/Cafe/Canteen,Tilehouse Lane,UB9 5DU,,,5,5,5,11.921,10315.59
Buckinghamshire,Brutus,Restaurant/Cafe/Canteen,13 Spittal Street,SL7 3HJ,51.5723724,-0.7768798,5,5,5,11.921,10315.59
Buckinghamshire,Raj Bhuj,Restaurant/Cafe/Canteen,39 Oxford Road,HP17 8PD,51.803562,-0.857323,5,5,5,11.921,10315.59
Buckinghamshire,Caffe Nero,Restaurant/Cafe/Canteen,55 Sycamore Road,HP6 5EQ,51.677756,-0.60682,5,5,5,11.921,10315.59
Buckinghamshire,Harris & Hoole,Restaurant/Cafe/Canteen,47 Sycamore Road,HP6 5EQ,51.677756,-0.60682,5,5,5,11.921,10315.59
Buckinghamshire,Costa Coffee,Restaurant/Cafe/Canteen,31 High Street,HP5 1BW,51.705228,-0.61233,5,5,5,11.921,10315.59
Buckinghamshire,The Walled Garden,Restaurant/Cafe/Canteen,Chorley Road,HP14 3AP,51.64573136,-0.80717217,5,5,5,11.921,10315.59
Buckinghamshire,Smoky Boys,Restaurant/Cafe/Canteen,17 Hill Avenue,HP6 5BD,51.674859,-0.607444,5,5,5,11.921,10315.59
Buckinghamshire,Pepe's Piri Piri,Restaurant/Cafe/Canteen,103 Cambridge Street,HP20 1BT,51.819286,-0.809004,5,5,5,11.921,10315.59
Buckinghamshire,The Coffee Corner,Restaurant/Cafe/Canteen,14 High Street,HP20 1SQ,51.817019,-0.811574,5,5,5,11.921,10315.59
Buckinghamshire,Bon Appetit Cafe,Restaurant/Cafe/Canteen,42 High Street,HP20 1SE,51.816691,-0.809363,5,5,5,11.921,10315.59
Buckinghamshire,Moreganics Cafe,Restaurant/Cafe/Canteen,8 The Parade,SL8 5SY,51.5784737,-0.7109499,5,5,5,11.921,10315.59
Buckinghamshire,Pop In Cafe,Restaurant/Cafe/Canteen,13 Park Parade,HP15 7AA,51.65789,-0.709612,5,5,5,11.921,10315.59
Buckinghamshire,The Pantry,Restaurant/Cafe/Canteen,7 Park Parade,HP15 7AA,51.65789032,-0.709612012,5,5,5,11.921,10315.59
Buckinghamshire,Crumbs Corner Ltd,Restaurant/Cafe/Canteen,6A Swains Lane,HP10 9BN,51.6020383,-0.7090406,5,5,5,11.921,10315.59
Buckinghamshire,Cinnamon Lounge,Restaurant/Cafe/Canteen,32 High Street,HP27 0AX,51.723709,-0.83083,5,5,5,11.921,10315.59
Buckinghamshire,Chutney,Restaurant/Cafe/Canteen,27 Easton Street,HP11 1NT,51.6278561,-0.744918,5,5,5,11.921,10315.59
Buckinghamshire,Jasmine Thai Kitchen,Restaurant/Cafe/Canteen,51 High Street,HP5 1BW,51.705228,-0.61233,5,5,5,11.921,10315.59
Buckinghamshire,Lola Maria,Restaurant/Cafe/Canteen,4 Long Lional,HP20 1BW,51.8160614,-0.8113178,5,5,5,11.921,10315.59
Buckinghamshire,Fireaway Pizza,Restaurant/Cafe/Canteen,34 High Street,HP20 1SF,51.816862,-0.810287,5,5,5,11.921,10315.59
Buckinghamshire,Meadow Row Tea Rooms,Restaurant/Cafe/Canteen,5 Meadow Row,MK18 1PU,52.000793,-0.985653,5,5,5,11.921,10315.59
Buckinghamshire,Buckinghamshire Golf Club,Restaurant/Cafe/Canteen,Denham Court Drive,UB9 5PG,51.567241,-0.490083,5,5,5,11.921,10315.59
Buckinghamshire,Denham Golf Club,Restaurant/Cafe/Canteen,Tilehouse Lane,UB9 5DE,51.586257,-0.511018,5,5,5,11.921,10315.59
Buckinghamshire,Esquires Coffee House,Restaurant/Cafe/Canteen,6 Concorde Square,HP18 1AS,51.8359929,-0.8512229,5,5,5,11.921,10315.59
Buckinghamshire,Prime Steak & Grill,Restaurant/Cafe/Canteen,180-182 Maxwell Road,HP9 1QX,51.6103534,-0.6442495,5,5,5,11.921,10315.59
Buckinghamshire,Pride Of Burnham,Restaurant/Cafe/Canteen,109 High Street,SL1 7JZ,51.535096,-0.658975,5,5,5,11.921,10315.59
Buckinghamshire,Royale Chilli,Restaurant/Cafe/Canteen,45 Pond Approach,HP15 6RH,51.66459,-0.69482,5,5,5,11.921,10315.59
Buckinghamshire,Miller & Carter,Restaurant/Cafe/Canteen,Bath Road,SL6 0AJ,51.52315521,-0.690850019,5,5,5,11.921,10315.59
Buckinghamshire,Chris's Cafe,Restaurant/Cafe/Canteen,Wycombe Road,HP14 3XB,51.649672,-0.8591,5,5,5,11.921,10315.59
Buckinghamshire,The Apple Orchard,Restaurant/Cafe/Canteen,High Street,HP14 3AG,51.64470673,-0.802932024,5,5,5,11.921,10315.59
Buckinghamshire,Dipalee Lounge,Restaurant/Cafe/Canteen,18 Castle Street,MK18 1BP,51.9992879,-0.9883817,5,5,5,11.921,10315.59
Buckinghamshire,Villiers Hotel,Restaurant/Cafe/Canteen,3 Castle Street,MK18 1BS,51.9998016,-0.9885158,5,5,5,11.921,10315.59
Buckinghamshire,Zaza,Restaurant/Cafe/Canteen,3 Whielden Street,HP7 0HT,51.665764,-0.616153,5,5,5,11.921,10315.59
Buckinghamshire,Big Juicy Burgers Chesham,Restaurant/Cafe/Canteen,152B High Street,HP5 1EF,51.7078612,-0.6111815,5,5,5,11.921,10315.59
Buckinghamshire,S&S Kitchen,Restaurant/Cafe/Canteen,58 Kingsbury,HP20 2JE,51.817744,-0.813963,5,5,5,11.921,10315.59
Buckinghamshire,Istanbul Meze & Grill,Restaurant/Cafe/Canteen,31 High Street,HP22 6DU,51.7623,-0.742805,5,5,5,11.921,10315.59
Buckinghamshire,Kappad Restaurant,Restaurant/Cafe/Canteen,21A High Street,HP11 2BE,51.628838,-0.74878,5,5,5,11.921,10315.59
Buckinghamshire,Noodle Nation,Restaurant/Cafe/Canteen,5 Crown Lane,HP11 2HF,51.6286686,-0.7511225,5,5,5,11.921,10315.59
Buckinghamshire,Caprinos Pizza,Restaurant/Cafe/Canteen,218 Desborough Road,HP11 2TE,51.631817,-0.761774,5,5,5,11.921,10315.59
Buckinghamshire,Tabletop Republic,Restaurant/Cafe/Canteen,37 - 38 High Street,HP11 2AG,51.628598,-0.749813,5,5,5,11.921,10315.59
Buckinghamshire,Greek House Souvlaki,Restaurant/Cafe/Canteen,4 West Street,MK18 1HL,52.000246,-0.989076,5,5,5,11.921,10315.59
Buckinghamshire,Prego,Restaurant/Cafe/Canteen,4 High Street,MK18 1NT,52.0010192,-0.9858227,5,5,5,11.921,10315.59
Buckinghamshire,Red Chilli Gold,Restaurant/Cafe/Canteen,9 High Street,MK18 1NT,52.0012838,-0.9852195,5,5,5,11.921,10315.59
Buckinghamshire,Grounded Kitchen,Restaurant/Cafe/Canteen,4 Pauls Row,HP11 2HQ,51.6290277,-0.7519218,5,5,5,11.921,10315.59
Buckinghamshire,Mr India,Restaurant/Cafe/Canteen,911 - 913 London Road,HP10 9TB,51.61088181,-0.700618982,5,5,5,11.921,10315.59
Buckinghamshire,Wycombe Museum,Restaurant/Cafe/Canteen,Priory Avenue,HP13 6PX,51.631588,-0.747766,5,5,5,11.921,10315.59
Buckinghamshire,Lara's Restaurant,Restaurant/Cafe/Canteen,137 High Street,SL9 9QL,51.607873,-0.555599,5,5,5,11.921,10315.59
Buckinghamshire,Lomito,Restaurant/Cafe/Canteen,55 Packhorse Road,SL9 8PE,51.58776856,-0.554172993,5,5,5,11.921,10315.59
Buckinghamshire,Kuzzu,Restaurant/Cafe/Canteen,56 Kingsbury,HP20 2JE,51.8179288,-0.813763,5,5,5,11.921,10315.59
Buckinghamshire,McDonalds,Restaurant/Cafe/Canteen,London Road,MK18 1SR,,,5,5,5,11.921,10315.59
Cornwall,The Fish Grill And More,Mobile caterer,1 Jetty Street,PL26 6UH,50.2698283,-4.7873748,0,5,5,22.321,19456.45
Cornwall,Ellie's Soul Kitchen,Mobile caterer,Ellies Soul Kitchen,TR12 7NA,,,0,5,5,22.321,19456.45
Cornwall,Copper Coast Snack Bar,Mobile caterer,Bradford Building Supplies,TR20 8HX,50.1303191,-5.5043177,0,5,5,22.321,19456.45
Cornwall,Flotsam,Mobile caterer,Mobile Catering Unit,TR8 5RE,,,0,5,5,22.321,19456.45
Cornwall,Mevagissey Bay Fresh Fish,Mobile caterer,Top Flat,PL26 6QH,50.2703408,-4.7870118,0,5,5,22.321,19456.45
Cumberland,The Tipsy Filly,Restaurant/Cafe/Canteen,,,,,0,0,5,23.807,18871.62
Cumberland,Custom Cakes by Debbie Louise,Restaurant/Cafe/Canteen,,,,,0,0,5,23.807,18871.62
Cumberland,Bongo's Coffee Shop,Restaurant/Cafe/Canteen,,,,,0,0,5,23.807,18871.62
Cumberland,Cakes by Alison Fawkes,Restaurant/Cafe/Canteen,,,,,0,0,5,23.807,18871.62
Cumberland,Blackdyke Farm Competition & Riding Centre,Restaurant/Cafe/Canteen,Blackdyke Farm And Riding Cent,CA6 4EY,54.9535141,-2.968239069,0,0,5,23.807,18871.62
Cumberland,Casa Crisci,Restaurant/Cafe/Canteen,Unit 4 Chapel Court,CA1 1NT,54.8914824,-2.9290473,0,0,5,23.807,18871.62
Cumberland,Roman Wall Lodges,Restaurant/Cafe/Canteen,Roman Wall Lodges,CA5 6ED,54.922704,-3.020563,0,0,5,23.807,18871.62
Cumberland,Chatsworth Tennis Club,Restaurant/Cafe/Canteen,,CA1 1LS,54.89648438,-2.918502092,0,0,5,23.807,18871.62
Isle of Wight,Twisted Pizza,Mobile caterer,,,,,0,5,5,24.599,20855.08
Isle of Wight,Nomad Event Catering,Mobile caterer,,,,,0,5,5,24.599,20855.08
Isle of Wight,Oasis Catering,Mobile caterer,,,,,0,5,5,24.599,20855.08
Milton Keynes,Wilson's Street Food,Mobile caterer,,MK14 5GH,52.0818033,-0.7527829,0,5,5,18.503,15478.75
Plymouth,Crowne Plaza,Hotel/bed & breakfast/guest house,,PL1 2HJ,50.367178,-4.141683,0,5,5,24.087,18688.94
Portsmouth,Graham Penrose Ice Cream,Mobile caterer,,,,,0,5,5,26.378,20239.91
Portsmouth,The Toastie Tin,Mobile caterer,,,,,0,5,5,26.378,20239.91
Portsmouth,Coastguard Studio (On The Road),Mobile caterer,91 Clarendon Road,PO4 0SA,50.78073883,-1.078868985,0,5,5,26.378,20239.91
Portsmouth,Funki Kitchen Company,Mobile caterer,,,,,0,5,5,26.378,20239.91
Portsmouth,Dinky Donuts,Mobile caterer,Commercial Road,PO1 1HG,50.79906846,-1.09115358,0,5,5,26.378,20239.91
Portsmouth,Desi Bites,Mobile caterer,,,,,0,5,5,26.378,20239.91
Reading,The Coffee Van - Civic Offices,Mobile caterer,,RG1 2LU,51.45188522,-0.972461998,0,5,5,18.558,16030.61
Reading,Breakfast Box Mobile Van,Mobile caterer,,,,,0,5,5,18.558,16030.61
Reading,What the fudge!,Mobile caterer,,,,,0,5,5,18.558,16030.61
Somerset,Bason Bridge Brewing Company,Manufacturers/packers,Unit 2,TA9 4RG,51.211483,-2.938750982,0,0,5,19.137,16776.04
Somerset,Nikki's Cakes,Manufacturers/packers,,,,,0,0,5,19.137,16776.04
Somerset,Budd and Sons,Manufacturers/packers,,,,,0,0,5,19.137,16776.04
Somerset,Harry's Cider,Manufacturers/packers,,,,,0,0,5,19.137,16776.04
Somerset,Ganjika Holistics,Manufacturers/packers,,,,,0,0,5,19.137,16776.04
Somerset,The Hobby Farm,Manufacturers/packers,,,,,0,0,5,19.137,16776.04
Somerset,Badgworth Brewhouse,Manufacturers/packers,Home Farm,BS26 2QN,51.2671285,-2.8699062,0,0,5,19.137,16776.04
Somerset,Dark Moon Chocolate,Manufacturers/packers,,,,,0,0,5,19.137,16776.04
Somerset,The Sitwell Supper Club Bar and Wine Store,Manufacturers/packers,,,,,0,0,5,19.137,16776.04
Somerset,Judith Male,Manufacturers/packers,,,,,0,0,5,19.137,16776.04
Somerset,Patricia Burge,Manufacturers/packers,,,,,0,0,5,19.137,16776.04
Somerset,Sunflower Kitchen,Manufacturers/packers,,,,,0,0,5,19.137,16776.04
Somerset,Rose Cottage Cakes,Manufacturers/packers,,,,,0,0,5,19.137,16776.04
Somerset,Daisy Lavendar,Manufacturers/packers,,,,,0,0,5,19.137,16776.04
Somerset,Uncle Dick's Somerset Cider,Manufacturers/packers,,,,,0,0,5,19.137,16776.04
Somerset,South Sun Biltong,Manufacturers/packers,,,,,0,0,5,19.137,16776.04
Somerset,Those Rodds Ltd,Manufacturers/packers,,,,,0,0,5,19.137,16776.04
Somerset,Fitzroy Farm,Manufacturers/packers,,,,,0,0,5,19.137,16776.04
South Gloucestershire,Aqua Restaurants,Mobile caterer,,,,,0,5,5,11.614,10114.56
South Gloucestershire,Sugar Shack,Mobile caterer,,,,,0,5,5,11.614,10114.56
South Gloucestershire,Deluxe Catering,Mobile caterer,,,,,0,5,5,11.614,10114.56
South Gloucestershire,S&G Catering,Mobile caterer,15 Cotswold Road,BS37 6EN,51.5351343,-2.3938002,0,5,5,11.614,10114.56
South Gloucestershire,Kacey's Diner,Mobile caterer,,,,,0,5,5,11.614,10114.56
South Gloucestershire,Hot Temptations,Mobile caterer,,,,,0,5,5,11.614,10114.56
South Gloucestershire,Snack World Van,Mobile caterer,Wickes Building Supplies Ltd,BS30 7DA,51.44451904,-2.49794507,0,5,5,11.614,10114.56
South Gloucestershire,Get Stuffed Bristol,Mobile caterer,Jarretts Garden Centre,BS30 6EE,51.430358,-2.477895,0,5,5,11.614,10114.56
South Gloucestershire,The Filling Station,Mobile caterer,Layby Holloway Road,BS35 4GG,51.54914,-2.649303,0,5,5,11.614,10114.56
South Gloucestershire,C D Griffiths,Mobile caterer,Washingpool Farm,BS35 5RE,51.540853,-2.620519,0,5,5,11.614,10114.56
Southampton,Vincenzo's,Mobile caterer,,,,,0,5,5,25.611,20194.24
Swindon,Holiday Inn Swindon,Hotel/bed & breakfast/guest house,Marlborough Road,SN3 6AA,51.54331,-1.734293,0,5,5,17.554,14096.54
Torbay,Ashfield Guest House,Hotel/bed & breakfast/guest house,9 Scarborough Road Torquay Devon,TQ2 5UJ,50.4673613,-3.5377583,0,5,5,26.917,21271.67
Torbay,Burleigh House Hotel,Hotel/bed & breakfast/guest house,25 Newton Road Torquay Devon,TQ2 5DB,50.4731003,-3.5438073,0,5,5,26.917,21271.67
Torbay,Jacaranda Hotel,Hotel/bed & breakfast/guest house,8 Beach Road Paignton Devon,TQ4 6AY,50.4366467,-3.562097,0,5,5,26.917,21271.67
Torbay,Crowndale Hotel,Hotel/bed & breakfast/guest house,18 Bridge Road Tormohun Torquay Torbay,TQ2 5BA,50.4679877,-3.5420766,0,5,5,26.917,21271.67
Torbay,Bayside,Hotel/bed & breakfast/guest house,21 Marine Drive Preston Paignton Torbay,TQ3 2NJ,50.4417893,-3.5588861,0,5,5,26.917,21271.67
Torbay,Haven House,Hotel/bed & breakfast/guest house,11 Scarborough Road Torquay Devon,TQ2 5UJ,50.4672783,-3.5379106,0,5,5,26.917,21271.67
Torbay,The Bahamas,Hotel/bed & breakfast/guest house,17 Avenue Road Torquay Devon,TQ2 5LB,50.4671421,-3.5427677,0,5,5,26.917,21271.67
Torbay,Trentham Guest House,Hotel/bed & breakfast/guest house,6 Norman Road Paignton Devon,TQ3 2BE,50.4388344,-3.5605917,0,5,5,26.917,21271.67
Torbay,Easton Court Guest House,Hotel/bed & breakfast/guest house,5 St Andrews Road Roundham With Hyde Paignton Torbay,TQ4 6HA,,,0,5,5,26.917,21271.67
Torbay,The Clifton at Paignton,Hotel/bed & breakfast/guest house,9-10 Kernou Road Roundham With Hyde Paignton Torbay,TQ4 6BA,50.4358196,-3.5620697,0,5,5,26.917,21271.67
Torbay,Atlantis Hotel,Hotel/bed & breakfast/guest house,68 Belgrave Road Torquay Devon,TQ2 5HY,50.467704,-3.5397281,0,5,5,26.917,21271.67
Torbay,Hotel Hudson,Hotel/bed & breakfast/guest house,545 Babbacombe Road Torquay Devon,TQ1 1HQ,50.4620059,-3.5195778,0,5,5,26.917,21271.67
Walsall,Polly's Pantry,Other catering premises,,,,,0,0,5,31.732,22512.04
Walsall,Inglenook Cakes,Other catering premises,,,,,0,0,5,31.732,22512.04
Walsall,Cakes by Lady,Other catering premises,,,,,0,0,5,31.732,22512.04
Walsall,Blue Moon Catering,Other catering premises,,,,,0,0,5,31.732,22512.04
Walsall,Delish_Ash Queen Cakes and Patisserie,Other catering premises,,,,,0,0,5,31.732,22512.04
Walsall,Lola,Other catering premises,,,,,0,0,5,31.732,22512.04
Walsall,Masjid-E-Umar Mosque,Other catering premises,Masjid E Umar,WS10 8BB,52.570343,-2.026882,0,0,5,31.732,22512.04
Walsall,Mellors Catering Services,Other catering premises,St Thomas Moore Rc,WV14 7BL,52.573479,-2.057059,0,0,5,31.732,22512.04
Walsall,"The Fairlawns Club, The Fairlawns",Other catering premises,Fairlawns Hotel Little Aston Road,WS9 0NU,52.602783,-1.898194,0,0,5,31.732,22512.04
Walsall,Playland,Other catering premises,First Floor,WS1 1QZ,52.58376694,-1.980474234,0,0,5,31.732,22512.04
Walsall,Midland Mencap,Other catering premises,Norwich Union House,WS1 1TJ,52.587649,-1.977358,0,0,5,31.732,22512.04
Walsall,Walsall Deaf People's Centre,Other catering premises,Sports & Social Club,WS4 2BX,52.589915,-1.974936,0,0,5,31.732,22512.04
Walsall,Walsall Seventh-Day Adventist Church,Other catering premises,.,WS2 8AU,52.593026,-1.981341,0,0,5,31.732,22512.04
West Berkshire,Veni & Son Food To Fork,Mobile caterer,Woodrows Farm Aldworth Road,RG8 9RS,51.5069275,-1.2175933,0,5,5,11.049,9686.36
West Oxfordshire,Tony's Ready Meals,Manufacturers/packers,,,,,0,0,5,10.148,8641.18
West Oxfordshire,Abigail's Kitchen,Manufacturers/packers,,,,,0,0,5,10.148,8641.18
West Oxfordshire,Barney Wyld's,Manufacturers/packers,,,,,0,0,5,10.148,8641.18
West Oxfordshire,The Yafo Kitchen,Manufacturers/packers,,,,,0,0,5,10.148,8641.18
West Oxfordshire,Ditchley Venison,Manufacturers/packers,,,,,0,0,5,10.148,8641.18
West Oxfordshire,Natura Cocktails,Manufacturers/packers,,,,,0,0,5,10.148,8641.18
West Oxfordshire,Hunters Cake Company,Manufacturers/packers,2 Ventura Park,OX18 1AD,51.766342,-1.5845882,0,0,5,10.148,8641.18
West Oxfordshire,CPU,Manufacturers/packers,The Old Coal Yard,OX7 4EF,,,0,0,5,10.148,8641.18
Wiltshire,The Wood Bar Ltd,Mobile caterer,UNIT 4 GROUND FLOOR DOLPHIN TRADING ESTATE SOUTHAMPTON ROAD,,51.0640476,-1.7803178,0,5,5,13.608,11989.35
Wiltshire,The Wood Bar Ltd @ The Kiosk,Mobile caterer,VICTORIA PARK BOWLING GREEN STRATFORD ROAD,,51.0848999,-1.80469,0,5,5,13.608,11989.35
Wiltshire,Stonegate Ltd,Mobile caterer,LACOCK GREEN CORSHAM ROAD,,51.4254357,-2.1388537,0,5,5,13.608,11989.35
Wiltshire,Mish Mash,Mobile caterer,,,,,0,5,5,13.608,11989.35
Wiltshire,The Slinky Fox,Mobile caterer,26 HIGH POST BUSINESS PARK,SP4 6AT,51.127085,-1.7883375,0,5,5,13.608,11989.35
Wiltshire,Prairie Rose Bars,Mobile caterer,,,,,0,5,5,13.608,11989.35
Wiltshire,Pizza Revolution,Mobile caterer,,,,,0,5,5,13.608,11989.35
Wiltshire,Kitchen Garden Pizza Co.,Mobile caterer,,,,,0,5,5,13.608,11989.35
Wiltshire,Claire's Cafe,Mobile caterer,CARPETRIGHT BATH ROAD,SN14 0AT,,,0,5,5,13.608,11989.35
Wiltshire,Crust Lust Pizza,Mobile caterer,,,,,0,5,5,13.608,11989.35
Wiltshire,Phoenix Wood Fired Pizza,Mobile caterer,,,,,0,5,5,13.608,11989.35
Wiltshire,"Pudding Prosecco, Halfway Hut",Mobile caterer,RUSHMORE GOLF CLUB,SP5 5QB,,,0,5,5,13.608,11989.35
Wiltshire,Carpe Diem Catering Ltd,Mobile caterer,,,,,0,5,5,13.608,11989.35
Wiltshire,Snack Shack,Mobile caterer,,,,,0,5,5,13.608,11989.35
Wiltshire,R & V Catering,Mobile caterer,UNIT 21 CHELWORTH PARK CHELWORTH ROAD,SN6 6HE,51.6302586,-1.8805258,0,5,5,13.608,11989.35
Wiltshire,The Coffee Girl,Mobile caterer,,,,,0,5,5,13.608,11989.35
Windsor and Maidenhead,Royal Collection Trust,Mobile caterer,,,,,0,5,5,8.881,7338.72
Windsor and Maidenhead,Olives And Honey T/A Greeklicious & Greeklicious Ltd,Mobile caterer,,,,,0,5,5,8.881,7338.72
Windsor and Maidenhead,Sterling Leisure (Thames Valley) Ltd,Mobile caterer,,,,,0,5,5,8.881,7338.72
Windsor and Maidenhead,Miocotto,Mobile caterer,8 Farmers Way,SL6 3PL,51.5126027,-0.7614617,0,5,5,8.881,7338.72
Windsor and Maidenhead,Freddie's Kitchen,Mobile caterer,6 The Lawn,SL3 9HB,51.4829299,-0.5717617,0,5,5,8.881,7338.72
Wokingham,Ziggy's,Mobile caterer,,,,,0,5,5,6.102,4328.48
Wokingham,Arborfield Kebab Van,Mobile caterer,Street Record,,51.38881004,-0.903087884,0,5,5,6.102,4328.48
Wokingham,Munchies,Mobile caterer,,,,,0,5,5,6.102,4328.48
Wokingham,BBQ'd & BRAAI'd,Mobile caterer,,,,,0,5,5,6.102,4328.48
